Position,Name + ID,Name,ID,Roster Position,Salary,Game Info,TeamAbbrev,AvgPointsPerGame
C,Connor McDavid (41237835),Connor McDavid,41237835,C/UTIL,9500,EDM@BOS 12/18/2025 07:00PM ET,EDM,17.24
C,Auston Matthews (41237837),Auston Matthews,41237837,C/UTIL,9000,TOR@WSH 12/18/2025 07:00PM ET,TOR,16.11
RW,Nikita Kucherov (41238067),Nikita Kucherov,41238067,W/UTIL,8800,LAK@TBL 12/18/2025 07:00PM ET,TBL,14.89
LW,Kirill Kaprizov (41238069),Kirill Kaprizov,41238069,W/UTIL,8700,MIN@CBJ 12/18/2025 07:00PM ET,MIN,14.15
C,Leon Draisaitl (41237839),Leon Draisaitl,41237839,C/UTIL,8500,EDM@BOS 12/18/2025 07:00PM ET,EDM,13.74
G,Logan Thompson (41238905),Logan Thompson,41238905,G,8400,TOR@WSH 12/18/2025 07:00PM ET,WSH,14.26
G,Charlie Lindgren (41238906),Charlie Lindgren,41238906,G,8400,TOR@WSH 12/18/2025 07:00PM ET,WSH,10.18
C,Connor Bedard (41237841),Connor Bedard,41237841,C/UTIL,8300,CHI@MTL 12/18/2025 07:00PM ET,CHI,16.64
G,Andrei Vasilevskiy (41238907),Andrei Vasilevskiy,41238907,G,8300,LAK@TBL 12/18/2025 07:00PM ET,TBL,13.07
G,Jonas Johansson (41238908),Jonas Johansson,41238908,G,8300,LAK@TBL 12/18/2025 07:00PM ET,TBL,9.85
D,Zach Werenski (41238535),Zach Werenski,41238535,D/UTIL,8200,MIN@CBJ 12/18/2025 07:00PM ET,CBJ,15.79
G,Jake Oettinger (41238909),Jake Oettinger,41238909,G,8200,DAL@SJS 12/18/2025 10:00PM ET,DAL,13.00
G,Casey DeSmith (41238910),Casey DeSmith,41238910,G,8200,DAL@SJS 12/18/2025 10:00PM ET,DAL,15.76
G,Jakub Dobes (41238911),Jakub Dobes,41238911,G,8100,CHI@MTL 12/18/2025 07:00PM ET,MTL,10.47
G,Jacob Fowler (41238912),Jacob Fowler,41238912,G,8100,CHI@MTL 12/18/2025 07:00PM ET,MTL,9.97
C,Macklin Celebrini (41237843),Macklin Celebrini,41237843,C/UTIL,8100,DAL@SJS 12/18/2025 10:00PM ET,SJS,16.26
RW,David Pastrnak (41238073),David Pastrnak,41238073,W/UTIL,8000,EDM@BOS 12/18/2025 07:00PM ET,BOS,15.29
G,Ukko-Pekka Luukkonen (41238913),Ukko-Pekka Luukkonen,41238913,G,8000,PHI@BUF 12/18/2025 07:30PM ET,BUF,7.71
G,Alex Lyon (41238914),Alex Lyon,41238914,G,8000,PHI@BUF 12/18/2025 07:30PM ET,BUF,11.16
G,Linus Ullmark (41238915),Linus Ullmark,41238915,G,8000,PIT@OTT 12/18/2025 07:00PM ET,OTT,8.18
G,Leevi Merilainen (41238916),Leevi Merilainen,41238916,G,8000,PIT@OTT 12/18/2025 07:00PM ET,OTT,7.06
G,Filip Gustavsson (41238920),Filip Gustavsson,41238920,G,7900,MIN@CBJ 12/18/2025 07:00PM ET,MIN,13.51
G,Jesper Wallstedt (41238921),Jesper Wallstedt,41238921,G,7900,MIN@CBJ 12/18/2025 07:00PM ET,MIN,20.62
G,Dustin Wolf (41238918),Dustin Wolf,41238918,G,7900,SEA@CGY 12/18/2025 09:00PM ET,CGY,9.54
G,Devin Cooley (41238919),Devin Cooley,41238919,G,7900,SEA@CGY 12/18/2025 09:00PM ET,CGY,10.56
G,Sam Montembeault (41238917),Sam Montembeault,41238917,G,7900,CHI@MTL 12/18/2025 07:00PM ET,MTL,4.62
LW,Jason Robertson (41238071),Jason Robertson,41238071,W/UTIL,7900,DAL@SJS 12/18/2025 10:00PM ET,DAL,15.98
G,Tristan Jarry (41238922),Tristan Jarry,41238922,G,7800,EDM@BOS 12/18/2025 07:00PM ET,EDM,13.26
G,Calvin Pickard (41238923),Calvin Pickard,41238923,G,7800,EDM@BOS 12/18/2025 07:00PM ET,EDM,3.84
G,Colten Ellis (41238926),Colten Ellis,41238926,G,7800,PHI@BUF 12/18/2025 07:30PM ET,BUF,10.99
LW,Brady Tkachuk (41238075),Brady Tkachuk,41238075,W/UTIL,7800,PIT@OTT 12/18/2025 07:00PM ET,OTT,13.26
G,Igor Shesterkin (41238924),Igor Shesterkin,41238924,G,7800,NYR@STL 12/18/2025 08:00PM ET,NYR,12.31
G,Jonathan Quick (41238925),Jonathan Quick,41238925,G,7800,NYR@STL 12/18/2025 08:00PM ET,NYR,14.84
RW,Matt Boldy (41238077),Matt Boldy,41238077,W/UTIL,7700,MIN@CBJ 12/18/2025 07:00PM ET,MIN,14.83
G,Jeremy Swayman (41238929),Jeremy Swayman,41238929,G,7600,EDM@BOS 12/18/2025 07:00PM ET,BOS,13.7
G,Joonas Korpisalo (41238930),Joonas Korpisalo,41238930,G,7600,EDM@BOS 12/18/2025 07:00PM ET,BOS,9.8
RW,Mikko Rantanen (41238079),Mikko Rantanen,41238079,W/UTIL,7600,DAL@SJS 12/18/2025 10:00PM ET,DAL,13.86
G,Jordan Binnington (41238927),Jordan Binnington,41238927,G,7600,NYR@STL 12/18/2025 08:00PM ET,STL,6.42
G,Joel Hofer (41238928),Joel Hofer,41238928,G,7600,NYR@STL 12/18/2025 08:00PM ET,STL,8.37
G,Jet Greaves (41238931),Jet Greaves,41238931,G,7500,MIN@CBJ 12/18/2025 07:00PM ET,CBJ,11.89
G,Elvis Merzlikins (41238932),Elvis Merzlikins,41238932,G,7500,MIN@CBJ 12/18/2025 07:00PM ET,CBJ,9.8
C,Tage Thompson (41237845),Tage Thompson,41237845,C/UTIL,7500,PHI@BUF 12/18/2025 07:30PM ET,BUF,13.73
G,Joey Daccord (41238933),Joey Daccord,41238933,G,7500,SEA@CGY 12/18/2025 09:00PM ET,SEA,10.15
G,Philipp Grubauer (41238934),Philipp Grubauer,41238934,G,7500,SEA@CGY 12/18/2025 09:00PM ET,SEA,9.11
G,Dan Vladar (41238935),Dan Vladar,41238935,G,7400,PHI@BUF 12/18/2025 07:30PM ET,PHI,12.40
G,Samuel Ersson (41238936),Samuel Ersson,41238936,G,7400,PHI@BUF 12/18/2025 07:30PM ET,PHI,7.17
C,Sidney Crosby (41237847),Sidney Crosby,41237847,C/UTIL,7400,PIT@OTT 12/18/2025 07:00PM ET,PIT,12.38
G,Stuart Skinner (41238937),Stuart Skinner,41238937,G,7400,PIT@OTT 12/18/2025 07:00PM ET,PIT,8.94
G,Arturs Silovs (41238938),Arturs Silovs,41238938,G,7400,PIT@OTT 12/18/2025 07:00PM ET,PIT,10.03
G,Matt Murray (41238941),Matt Murray,41238941,G,7300,SEA@CGY 12/18/2025 09:00PM ET,SEA,7.82
G,Spencer Knight (41238939),Spencer Knight,41238939,G,7300,CHI@MTL 12/18/2025 07:00PM ET,CHI,14.00
G,Arvid Soderblom (41238940),Arvid Soderblom,41238940,G,7300,CHI@MTL 12/18/2025 07:00PM ET,CHI,8.13
LW,Artemi Panarin (41238081),Artemi Panarin,41238081,W/UTIL,7300,NYR@STL 12/18/2025 08:00PM ET,NYR,11.88
D,Quinn Hughes (41238537),Quinn Hughes,41238537,D/UTIL,7200,MIN@CBJ 12/18/2025 07:00PM ET,MIN,11.77
G,Yaroslav Askarov (41238942),Yaroslav Askarov,41238942,G,7200,DAL@SJS 12/18/2025 10:00PM ET,SJS,12.66
G,Alex Nedeljkovic (41238943),Alex Nedeljkovic,41238943,G,7200,DAL@SJS 12/18/2025 10:00PM ET,SJS,10.92
LW,Cole Caufield (41238083),Cole Caufield,41238083,W/UTIL,7100,CHI@MTL 12/18/2025 07:00PM ET,MTL,11.98
G,Anton Forsberg (41238944),Anton Forsberg,41238944,G,7100,LAK@TBL 12/18/2025 07:00PM ET,LAK,10.21
G,Pheonix Copley (41238945),Pheonix Copley,41238945,G,7100,LAK@TBL 12/18/2025 07:00PM ET,LAK,0
G,Carey Price (41238948),Carey Price,41238948,G,7000,DAL@SJS 12/18/2025 10:00PM ET,SJS,0
RW,William Nylander (41238085),William Nylander,41238085,W/UTIL,7000,TOR@WSH 12/18/2025 07:00PM ET,TOR,12.17
G,Joseph Woll (41238946),Joseph Woll,41238946,G,7000,TOR@WSH 12/18/2025 07:00PM ET,TOR,14.78
G,Dennis Hildeby (41238947),Dennis Hildeby,41238947,G,7000,TOR@WSH 12/18/2025 07:00PM ET,TOR,12.2
G,Darcy Kuemper (41238949),Darcy Kuemper,41238949,G,6900,LAK@TBL 12/18/2025 07:00PM ET,LAK,12.69
LW,Alex Ovechkin (41238087),Alex Ovechkin,41238087,W/UTIL,6900,TOR@WSH 12/18/2025 07:00PM ET,WSH,10.64
LW,Brandon Hagel (41238089),Brandon Hagel,41238089,W/UTIL,6800,LAK@TBL 12/18/2025 07:00PM ET,TBL,13.09
G,Anthony Stolarz (41238950),Anthony Stolarz,41238950,G,6800,TOR@WSH 12/18/2025 07:00PM ET,TOR,8.68
C,Wyatt Johnston (41237849),Wyatt Johnston,41237849,C/UTIL,6700,DAL@SJS 12/18/2025 10:00PM ET,DAL,13.38
LW,Jake Guentzel (41238091),Jake Guentzel,41238091,W/UTIL,6700,LAK@TBL 12/18/2025 07:00PM ET,TBL,12.4
D,Jakob Chychrun (41238539),Jakob Chychrun,41238539,D/UTIL,6700,TOR@WSH 12/18/2025 07:00PM ET,WSH,13.07
RW,Kirill Marchenko (41238093),Kirill Marchenko,41238093,W/UTIL,6600,MIN@CBJ 12/18/2025 07:00PM ET,CBJ,12.31
D,Evan Bouchard (41238541),Evan Bouchard,41238541,D/UTIL,6600,EDM@BOS 12/18/2025 07:00PM ET,EDM,12.09
C,Nick Suzuki (41237851),Nick Suzuki,41237851,C/UTIL,6600,CHI@MTL 12/18/2025 07:00PM ET,MTL,11.44
LW,Morgan Geekie (41238095),Morgan Geekie,41238095,W/UTIL,6500,EDM@BOS 12/18/2025 07:00PM ET,BOS,12.65
G,Aleksei Kolosov (41238951),Aleksei Kolosov,41238951,G,6500,PHI@BUF 12/18/2025 07:30PM ET,PHI,5.6
D,Jake Sanderson (41238543),Jake Sanderson,41238543,D/UTIL,6500,PIT@OTT 12/18/2025 07:00PM ET,OTT,11.82
G,Sergei Murashov (41238952),Sergei Murashov,41238952,G,6500,PIT@OTT 12/18/2025 07:00PM ET,PIT,8.96
C,John Tavares (41237853),John Tavares,41237853,C/UTIL,6500,TOR@WSH 12/18/2025 07:00PM ET,TOR,11.13
C,Nazem Kadri (41237855),Nazem Kadri,41237855,C/UTIL,6400,SEA@CGY 12/18/2025 09:00PM ET,CGY,11.00
RW,Bryan Rust (41238097),Bryan Rust,41238097,W/UTIL,6400,PIT@OTT 12/18/2025 07:00PM ET,PIT,12.86
C,Joel Eriksson Ek (41237857),Joel Eriksson Ek,41237857,C/UTIL,6300,MIN@CBJ 12/18/2025 07:00PM ET,MIN,9.86
D,Rasmus Dahlin (41238545),Rasmus Dahlin,41238545,D/UTIL,6300,PHI@BUF 12/18/2025 07:30PM ET,BUF,11.36
RW,Adrian Kempe (41238099),Adrian Kempe,41238099,W/UTIL,6300,LAK@TBL 12/18/2025 07:00PM ET,LAK,11.35
RW,Zach Hyman (41238101),Zach Hyman,41238101,W/UTIL,6200,EDM@BOS 12/18/2025 07:00PM ET,EDM,10.67
C,Tim Stuetzle (41237859),Tim Stuetzle,41237859,C/UTIL,6200,PIT@OTT 12/18/2025 07:00PM ET,OTT,12.42
D,Miro Heiskanen (41238547),Miro Heiskanen,41238547,D/UTIL,6200,DAL@SJS 12/18/2025 10:00PM ET,DAL,11.60
LW,Trevor Zegras (41238103),Trevor Zegras,41238103,W/UTIL,6100,PHI@BUF 12/18/2025 07:30PM ET,PHI,11.56
C,Robert Thomas (41237861),Robert Thomas,41237861,C/UTIL,6100,NYR@STL 12/18/2025 08:00PM ET,STL,7.67
C,Adam Fantilli (41237863),Adam Fantilli,41237863,C/UTIL,6000,MIN@CBJ 12/18/2025 07:00PM ET,CBJ,10.02
LW,Kevin Fiala (41238105),Kevin Fiala,41238105,W/UTIL,6000,LAK@TBL 12/18/2025 07:00PM ET,LAK,10.46
RW,Drake Batherson (41238107),Drake Batherson,41238107,W/UTIL,5900,PIT@OTT 12/18/2025 07:00PM ET,OTT,11.11
D,Adam Fox (41238549),Adam Fox,41238549,D/UTIL,5900,NYR@STL 12/18/2025 08:00PM ET,NYR,11.03
D,Rasmus Andersson (41238551),Rasmus Andersson,41238551,D/UTIL,5800,SEA@CGY 12/18/2025 09:00PM ET,CGY,12.17
C,Brayden Point (41237865),Brayden Point,41237865,C/UTIL,5800,LAK@TBL 12/18/2025 07:00PM ET,TBL,8.28
RW,Tom Wilson (41238109),Tom Wilson,41238109,W/UTIL,5800,TOR@WSH 12/18/2025 07:00PM ET,WSH,11.65
D,Erik Karlsson (41238553),Erik Karlsson,41238553,D/UTIL,5700,PIT@OTT 12/18/2025 07:00PM ET,PIT,9.69
C,Roope Hintz (41237867),Roope Hintz,41237867,C/UTIL,5700,DAL@SJS 12/18/2025 10:00PM ET,DAL,9.96
RW,J.T. Miller (41238111),J.T. Miller,41238111,W/UTIL,5700,NYR@STL 12/18/2025 08:00PM ET,NYR,8.24
LW,Jared McCann (41238113),Jared McCann,41238113,W/UTIL,5600,SEA@CGY 12/18/2025 09:00PM ET,SEA,10.13
D,MacKenzie Weegar (41238555),MacKenzie Weegar,41238555,D/UTIL,5600,SEA@CGY 12/18/2025 09:00PM ET,CGY,9.26
C,Mika Zibanejad (41237869),Mika Zibanejad,41237869,C/UTIL,5600,NYR@STL 12/18/2025 08:00PM ET,NYR,10.78
D,Victor Hedman (41238557),Victor Hedman,41238557,D/UTIL,5500,LAK@TBL 12/18/2025 07:00PM ET,TBL,8.18
C,Dylan Strome (41237871),Dylan Strome,41237871,C/UTIL,5500,TOR@WSH 12/18/2025 07:00PM ET,WSH,8.50
LW,Matthew Knies (41238115),Matthew Knies,41238115,W/UTIL,5500,TOR@WSH 12/18/2025 07:00PM ET,TOR,10.26
D,Lane Hutson (41238559),Lane Hutson,41238559,D/UTIL,5400,CHI@MTL 12/18/2025 07:00PM ET,MTL,9.97
C,Evgeni Malkin (41237873),Evgeni Malkin,41237873,C/UTIL,5400,PIT@OTT 12/18/2025 07:00PM ET,PIT,11.33
RW,Jordan Kyrou (41238117),Jordan Kyrou,41238117,W/UTIL,5400,NYR@STL 12/18/2025 08:00PM ET,STL,8.32
RW,Travis Konecny (41238119),Travis Konecny,41238119,W/UTIL,5300,PHI@BUF 12/18/2025 07:30PM ET,PHI,10.11
C,Vincent Trocheck (41237875),Vincent Trocheck,41237875,C/UTIL,5300,NYR@STL 12/18/2025 08:00PM ET,NYR,8.08
D,Darren Raddysh (41238561),Darren Raddysh,41238561,D/UTIL,5300,LAK@TBL 12/18/2025 07:00PM ET,TBL,10.56
D,Brandon Montour (41238563),Brandon Montour,41238563,D/UTIL,5200,SEA@CGY 12/18/2025 09:00PM ET,SEA,10.20
C,Shane Pinto (41237877),Shane Pinto,41237877,C/UTIL,5200,PIT@OTT 12/18/2025 07:00PM ET,OTT,9.88
LW,Rickard Rakell (41238121),Rickard Rakell,41238121,W/UTIL,5200,PIT@OTT 12/18/2025 07:00PM ET,PIT,9.98
D,Noah Dobson (41238565),Noah Dobson,41238565,D/UTIL,5100,CHI@MTL 12/18/2025 07:00PM ET,MTL,10.17
C,Filip Hallander (41237879),Filip Hallander,41237879,C/UTIL,5100,PIT@OTT 12/18/2025 07:00PM ET,PIT,4.88
LW,Dylan Holloway (41238123),Dylan Holloway,41238123,W/UTIL,5100,NYR@STL 12/18/2025 08:00PM ET,STL,8.45
D,Brock Faber (41238567),Brock Faber,41238567,D/UTIL,5000,MIN@CBJ 12/18/2025 07:00PM ET,MIN,10.84
LW,Ryan Nugent-Hopkins (41238127),Ryan Nugent-Hopkins,41238127,W/UTIL,5000,EDM@BOS 12/18/2025 07:00PM ET,EDM,9.04
LW,Tyler Bertuzzi (41238125),Tyler Bertuzzi,41238125,W/UTIL,5000,CHI@MTL 12/18/2025 07:00PM ET,CHI,10.02
RW,Mats Zuccarello (41238131),Mats Zuccarello,41238131,W/UTIL,4900,MIN@CBJ 12/18/2025 07:00PM ET,MIN,8.1
RW,Matt Coronato (41238129),Matt Coronato,41238129,W/UTIL,4900,SEA@CGY 12/18/2025 09:00PM ET,CGY,9.14
D,Vince Dunn (41238569),Vince Dunn,41238569,D/UTIL,4900,SEA@CGY 12/18/2025 09:00PM ET,SEA,9.37
C,Frank Nazar (41237881),Frank Nazar,41237881,C/UTIL,4900,CHI@MTL 12/18/2025 07:00PM ET,CHI,8.25
D,Charlie McAvoy (41238571),Charlie McAvoy,41238571,D/UTIL,4800,EDM@BOS 12/18/2025 07:00PM ET,BOS,8.66
RW,Alex Tuch (41238135),Alex Tuch,41238135,W/UTIL,4800,PHI@BUF 12/18/2025 07:30PM ET,BUF,11.25
C,Matty Beniers (41237883),Matty Beniers,41237883,C/UTIL,4800,SEA@CGY 12/18/2025 09:00PM ET,SEA,7.24
RW,Jordan Eberle (41238133),Jordan Eberle,41238133,W/UTIL,4800,SEA@CGY 12/18/2025 09:00PM ET,SEA,8.97
C,Anthony Cirelli (41237885),Anthony Cirelli,41237885,C/UTIL,4800,LAK@TBL 12/18/2025 07:00PM ET,TBL,8.18
C,Dylan Cozens (41237887),Dylan Cozens,41237887,C/UTIL,4700,PIT@OTT 12/18/2025 07:00PM ET,OTT,9.46
LW,William Eklund (41238139),William Eklund,41238139,W/UTIL,4700,DAL@SJS 12/18/2025 10:00PM ET,SJS,9.50
LW,Jake Neighbours (41238137),Jake Neighbours,41238137,W/UTIL,4700,NYR@STL 12/18/2025 08:00PM ET,STL,7.2
D,John Carlson (41238573),John Carlson,41238573,D/UTIL,4700,TOR@WSH 12/18/2025 07:00PM ET,WSH,10.74
C,Josh Norris (41237889),Josh Norris,41237889,C/UTIL,4600,PHI@BUF 12/18/2025 07:30PM ET,BUF,11.55
RW,Owen Tippett (41238141),Owen Tippett,41238141,W/UTIL,4600,PHI@BUF 12/18/2025 07:30PM ET,PHI,8.60
RW,Will Smith (41238143),Will Smith,41238143,W/UTIL,4600,DAL@SJS 12/18/2025 10:00PM ET,SJS,10.12
D,Justin Faulk (41238575),Justin Faulk,41238575,D/UTIL,4600,NYR@STL 12/18/2025 08:00PM ET,STL,9.92
C,Sean Monahan (41237891),Sean Monahan,41237891,C/UTIL,4500,MIN@CBJ 12/18/2025 07:00PM ET,CBJ,6.96
LW,Dmitri Voronkov (41238145),Dmitri Voronkov,41238145,W/UTIL,4500,MIN@CBJ 12/18/2025 07:00PM ET,CBJ,8.18
LW,Jaden Schwartz (41238147),Jaden Schwartz,41238147,W/UTIL,4500,SEA@CGY 12/18/2025 09:00PM ET,SEA,9.22
D,Morgan Rielly (41238577),Morgan Rielly,41238577,D/UTIL,4500,TOR@WSH 12/18/2025 07:00PM ET,TOR,9.94
RW,Jack Roslovic (41238153),Jack Roslovic,41238153,W/UTIL,4400,EDM@BOS 12/18/2025 07:00PM ET,EDM,9.29
D,Darnell Nurse (41238579),Darnell Nurse,41238579,D/UTIL,4400,EDM@BOS 12/18/2025 07:00PM ET,EDM,9.98
RW,Pavel Buchnevich (41238149),Pavel Buchnevich,41238149,W/UTIL,4400,NYR@STL 12/18/2025 08:00PM ET,STL,5.98
C,Anze Kopitar (41237893),Anze Kopitar,41237893,C/UTIL,4400,LAK@TBL 12/18/2025 07:00PM ET,LAK,7.34
LW,Quinton Byfield (41238151),Quinton Byfield,41238151,W/UTIL,4400,LAK@TBL 12/18/2025 07:00PM ET,LAK,7.71
C,Elias Lindholm (41237895),Elias Lindholm,41237895,C/UTIL,4300,EDM@BOS 12/18/2025 07:00PM ET,BOS,8.85
RW,Josh Doan (41238159),Josh Doan,41238159,W/UTIL,4300,PHI@BUF 12/18/2025 07:30PM ET,BUF,9.62
LW,Jonathan Huberdeau (41238157),Jonathan Huberdeau,41238157,W/UTIL,4300,SEA@CGY 12/18/2025 09:00PM ET,CGY,6.80
D,Esa Lindell (41238581),Esa Lindell,41238581,D/UTIL,4300,DAL@SJS 12/18/2025 10:00PM ET,DAL,7.86
LW,Aliaksei Protas (41238155),Aliaksei Protas,41238155,W/UTIL,4300,TOR@WSH 12/18/2025 07:00PM ET,WSH,8.78
LW,Boone Jenner (41238161),Boone Jenner,41238161,W/UTIL,4200,MIN@CBJ 12/18/2025 07:00PM ET,CBJ,9.27
RW,Ivan Demidov (41238163),Ivan Demidov,41238163,W/UTIL,4200,CHI@MTL 12/18/2025 07:00PM ET,MTL,7.00
C,Ben Kindel (41237897),Ben Kindel,41237897,C/UTIL,4200,PIT@OTT 12/18/2025 07:00PM ET,PIT,9.31
RW,Tyler Toffoli (41238165),Tyler Toffoli,41238165,W/UTIL,4200,DAL@SJS 12/18/2025 10:00PM ET,SJS,8.85
D,Colton Parayko (41238583),Colton Parayko,41238583,D/UTIL,4200,NYR@STL 12/18/2025 08:00PM ET,STL,8.09
C,Sean Couturier (41237899),Sean Couturier,41237899,C/UTIL,4100,PHI@BUF 12/18/2025 07:30PM ET,PHI,7.16
LW,Juraj Slafkovsky (41238167),Juraj Slafkovsky,41238167,W/UTIL,4100,CHI@MTL 12/18/2025 07:00PM ET,MTL,8.4
D,Thomas Harley (41238585),Thomas Harley,41238585,D/UTIL,4100,DAL@SJS 12/18/2025 10:00PM ET,DAL,8.86
LW,Will Cuylle (41238171),Will Cuylle,41238171,W/UTIL,4100,NYR@STL 12/18/2025 08:00PM ET,NYR,8.38
RW,Ryan Leonard (41238169),Ryan Leonard,41238169,W/UTIL,4100,TOR@WSH 12/18/2025 07:00PM ET,WSH,7.92
C,Ryan Hartman (41237903),Ryan Hartman,41237903,C/UTIL,4000,MIN@CBJ 12/18/2025 07:00PM ET,MIN,7.94
D,Mattias Ekholm (41238589),Mattias Ekholm,41238589,D/UTIL,4000,EDM@BOS 12/18/2025 07:00PM ET,EDM,8.84
LW,Matvei Michkov (41238175),Matvei Michkov,41238175,W/UTIL,4000,PHI@BUF 12/18/2025 07:30PM ET,PHI,7.15
C,Morgan Frost (41237901),Morgan Frost,41237901,C/UTIL,4000,SEA@CGY 12/18/2025 09:00PM ET,CGY,6.98
LW,Eeli Tolvanen (41238177),Eeli Tolvanen,41238177,W/UTIL,4000,SEA@CGY 12/18/2025 09:00PM ET,SEA,6.92
RW,Brayden Schenn (41238173),Brayden Schenn,41238173,W/UTIL,4000,NYR@STL 12/18/2025 08:00PM ET,STL,5.32
D,Philip Broberg (41238587),Philip Broberg,41238587,D/UTIL,4000,NYR@STL 12/18/2025 08:00PM ET,STL,6.99
LW,Jason Zucker (41238183),Jason Zucker,41238183,W/UTIL,3900,PHI@BUF 12/18/2025 07:30PM ET,BUF,10.10
RW,Blake Coleman (41238181),Blake Coleman,41238181,W/UTIL,3900,SEA@CGY 12/18/2025 09:00PM ET,CGY,8.25
C,Oliver Kapanen (41237905),Oliver Kapanen,41237905,C/UTIL,3900,CHI@MTL 12/18/2025 07:00PM ET,MTL,7.06
RW,Andre Burakovsky (41238179),Andre Burakovsky,41238179,W/UTIL,3900,CHI@MTL 12/18/2025 07:00PM ET,CHI,7.50
C,Tyler Seguin (41237907),Tyler Seguin,41237907,C/UTIL,3900,DAL@SJS 12/18/2025 10:00PM ET,DAL,6.18
D,John Klingberg (41238593),John Klingberg,41238593,D/UTIL,3900,DAL@SJS 12/18/2025 10:00PM ET,SJS,8.60
D,Brandt Clarke (41238591),Brandt Clarke,41238591,D/UTIL,3900,LAK@TBL 12/18/2025 07:00PM ET,LAK,8.17
C,Danila Yurov (41237911),Danila Yurov,41237911,C/UTIL,3800,MIN@CBJ 12/18/2025 07:00PM ET,MIN,5.47
RW,Vladimir Tarasenko (41238189),Vladimir Tarasenko,41238189,W/UTIL,3800,MIN@CBJ 12/18/2025 07:00PM ET,MIN,7.52
D,Ivan Provorov (41238595),Ivan Provorov,41238595,D/UTIL,3800,MIN@CBJ 12/18/2025 07:00PM ET,CBJ,8.36
C,Pavel Zacha (41237909),Pavel Zacha,41237909,C/UTIL,3800,EDM@BOS 12/18/2025 07:00PM ET,BOS,7.34
D,Travis Sanheim (41238597),Travis Sanheim,41238597,D/UTIL,3800,PHI@BUF 12/18/2025 07:30PM ET,PHI,7.60
LW,Mason Marchment (41238185),Mason Marchment,41238185,W/UTIL,3800,SEA@CGY 12/18/2025 09:00PM ET,SEA,5.86
D,Kris Letang (41238599),Kris Letang,41238599,D/UTIL,3800,PIT@OTT 12/18/2025 07:00PM ET,PIT,7.24
RW,Alexis Lafreniere (41238187),Alexis Lafreniere,41238187,W/UTIL,3800,NYR@STL 12/18/2025 08:00PM ET,NYR,7.06
RW,Viktor Arvidsson (41238193),Viktor Arvidsson,41238193,W/UTIL,3700,EDM@BOS 12/18/2025 07:00PM ET,BOS,8.77
D,Mike Matheson (41238601),Mike Matheson,41238601,D/UTIL,3700,CHI@MTL 12/18/2025 07:00PM ET,MTL,8.69
D,Thomas Chabot (41238605),Thomas Chabot,41238605,D/UTIL,3700,PIT@OTT 12/18/2025 07:00PM ET,OTT,8.54
C,Alexander Wennberg (41237915),Alexander Wennberg,41237915,C/UTIL,3700,DAL@SJS 12/18/2025 10:00PM ET,SJS,8.16
RW,Jimmy Snuggerud (41238191),Jimmy Snuggerud,41238191,W/UTIL,3700,NYR@STL 12/18/2025 08:00PM ET,STL,6.65
D,Vladislav Gavrikov (41238603),Vladislav Gavrikov,41238603,D/UTIL,3700,NYR@STL 12/18/2025 08:00PM ET,NYR,7.12
C,Alex Laferriere (41237913),Alex Laferriere,41237913,C/UTIL,3700,LAK@TBL 12/18/2025 07:00PM ET,LAK,7.24
RW,Connor McMichael (41238195),Connor McMichael,41238195,W/UTIL,3700,TOR@WSH 12/18/2025 07:00PM ET,WSH,7.22
LW,Alex Steeves (41238197),Alex Steeves,41238197,W/UTIL,3600,EDM@BOS 12/18/2025 07:00PM ET,BOS,7.39
D,Hampus Lindholm (41238609),Hampus Lindholm,41238609,D/UTIL,3600,EDM@BOS 12/18/2025 07:00PM ET,BOS,7.86
D,Jake Walman (41238611),Jake Walman,41238611,D/UTIL,3600,EDM@BOS 12/18/2025 07:00PM ET,EDM,9.14
C,Noah Cates (41237919),Noah Cates,41237919,C/UTIL,3600,PHI@BUF 12/18/2025 07:30PM ET,PHI,7.59
LW,Yegor Sharangovich (41238199),Yegor Sharangovich,41238199,W/UTIL,3600,SEA@CGY 12/18/2025 09:00PM ET,CGY,5.29
RW,Jamie Benn (41238201),Jamie Benn,41238201,W/UTIL,3600,DAL@SJS 12/18/2025 10:00PM ET,DAL,6.27
C,Pius Suter (41237917),Pius Suter,41237917,C/UTIL,3600,NYR@STL 12/18/2025 08:00PM ET,STL,6.05
D,Cam Fowler (41238607),Cam Fowler,41238607,D/UTIL,3600,NYR@STL 12/18/2025 08:00PM ET,STL,5.53
RW,Matt Savoie (41238205),Matt Savoie,41238205,W/UTIL,3500,EDM@BOS 12/18/2025 07:00PM ET,EDM,5.28
LW,Zach Benson (41238207),Zach Benson,41238207,W/UTIL,3500,PHI@BUF 12/18/2025 07:30PM ET,BUF,7.51
D,Jamie Drysdale (41238613),Jamie Drysdale,41238613,D/UTIL,3500,PHI@BUF 12/18/2025 07:30PM ET,PHI,6.07
C,Mikael Backlund (41237921),Mikael Backlund,41237921,C/UTIL,3500,SEA@CGY 12/18/2025 09:00PM ET,CGY,6.84
LW,Teuvo Teravainen (41238203),Teuvo Teravainen,41238203,W/UTIL,3500,CHI@MTL 12/18/2025 07:00PM ET,CHI,6.17
C,Tommy Novak (41237923),Tommy Novak,41237923,C/UTIL,3500,PIT@OTT 12/18/2025 07:00PM ET,PIT,6.23
D,Drew Doughty (41238615),Drew Doughty,41238615,D/UTIL,3500,LAK@TBL 12/18/2025 07:00PM ET,LAK,7.33
D,Oliver Ekman-Larsson (41238617),Oliver Ekman-Larsson,41238617,D/UTIL,3500,TOR@WSH 12/18/2025 07:00PM ET,TOR,8.14
D,Jared Spurgeon (41238621),Jared Spurgeon,41238621,D/UTIL,3400,MIN@CBJ 12/18/2025 07:00PM ET,MIN,6.23
D,Jonas Brodin (41238623),Jonas Brodin,41238623,D/UTIL,3400,MIN@CBJ 12/18/2025 07:00PM ET,MIN,7.61
D,Nick Seeler (41238619),Nick Seeler,41238619,D/UTIL,3400,PHI@BUF 12/18/2025 07:30PM ET,PHI,5.54
RW,Zack Bolduc (41238209),Zack Bolduc,41238209,W/UTIL,3400,CHI@MTL 12/18/2025 07:00PM ET,MTL,5.86
RW,Anthony Mantha (41238213),Anthony Mantha,41238213,W/UTIL,3400,PIT@OTT 12/18/2025 07:00PM ET,PIT,8.34
C,Nick Paul (41237927),Nick Paul,41237927,C/UTIL,3400,LAK@TBL 12/18/2025 07:00PM ET,TBL,6.38
C,Justin Sourdif (41237925),Justin Sourdif,41237925,C/UTIL,3400,TOR@WSH 12/18/2025 07:00PM ET,WSH,4.01
RW,Anthony Beauvillier (41238211),Anthony Beauvillier,41238211,W/UTIL,3400,TOR@WSH 12/18/2025 07:00PM ET,WSH,6.09
RW,Jack Quinn (41238217),Jack Quinn,41238217,W/UTIL,3300,PHI@BUF 12/18/2025 07:30PM ET,BUF,6.96
D,Cam York (41238625),Cam York,41238625,D/UTIL,3300,PHI@BUF 12/18/2025 07:30PM ET,PHI,7.35
C,Chandler Stephenson (41237931),Chandler Stephenson,41237931,C/UTIL,3300,SEA@CGY 12/18/2025 09:00PM ET,SEA,7.61
D,Adam Larsson (41238627),Adam Larsson,41238627,D/UTIL,3300,SEA@CGY 12/18/2025 09:00PM ET,SEA,7.22
RW,Fabian Zetterlund (41238219),Fabian Zetterlund,41238219,W/UTIL,3300,PIT@OTT 12/18/2025 07:00PM ET,OTT,5.56
RW,Claude Giroux (41238221),Claude Giroux,41238221,W/UTIL,3300,PIT@OTT 12/18/2025 07:00PM ET,OTT,6.53
RW,Oliver Bjorkstrand (41238215),Oliver Bjorkstrand,41238215,W/UTIL,3300,LAK@TBL 12/18/2025 07:00PM ET,TBL,5.94
C,Pierre-Luc Dubois (41237929),Pierre-Luc Dubois,41237929,C/UTIL,3300,TOR@WSH 12/18/2025 07:00PM ET,WSH,2.9
D,Jake McCabe (41238629),Jake McCabe,41238629,D/UTIL,3300,TOR@WSH 12/18/2025 07:00PM ET,TOR,8.42
C,Charlie Coyle (41237933),Charlie Coyle,41237933,C/UTIL,3200,MIN@CBJ 12/18/2025 07:00PM ET,CBJ,6.72
RW,Cole Sillinger (41238223),Cole Sillinger,41238223,W/UTIL,3200,MIN@CBJ 12/18/2025 07:00PM ET,CBJ,6.65
C,Christian Dvorak (41237935),Christian Dvorak,41237935,C/UTIL,3200,PHI@BUF 12/18/2025 07:30PM ET,PHI,8.12
RW,Bobby Brink (41238227),Bobby Brink,41238227,W/UTIL,3200,PHI@BUF 12/18/2025 07:30PM ET,PHI,6.90
LW,Tyson Foerster (41238229),Tyson Foerster,41238229,W/UTIL,3200,PHI@BUF 12/18/2025 07:30PM ET,PHI,8.95
D,Mattias Samuelsson (41238633),Mattias Samuelsson,41238633,D/UTIL,3200,PHI@BUF 12/18/2025 07:30PM ET,BUF,8.7
RW,Joel Farabee (41238225),Joel Farabee,41238225,W/UTIL,3200,SEA@CGY 12/18/2025 09:00PM ET,CGY,7.36
D,Artem Zub (41238635),Artem Zub,41238635,D/UTIL,3200,PIT@OTT 12/18/2025 07:00PM ET,OTT,6.91
LW,Jeff Skinner (41238233),Jeff Skinner,41238233,W/UTIL,3200,DAL@SJS 12/18/2025 10:00PM ET,SJS,5.50
D,Braden Schneider (41238631),Braden Schneider,41238631,D/UTIL,3200,NYR@STL 12/18/2025 08:00PM ET,NYR,5.65
RW,Joel Armia (41238231),Joel Armia,41238231,W/UTIL,3200,LAK@TBL 12/18/2025 07:00PM ET,LAK,5.94
LW,Marcus Johansson (41238245),Marcus Johansson,41238245,W/UTIL,3100,MIN@CBJ 12/18/2025 07:00PM ET,MIN,7.74
D,Denton Mateychuk (41238637),Denton Mateychuk,41238637,D/UTIL,3100,MIN@CBJ 12/18/2025 07:00PM ET,CBJ,7.08
LW,Vasily Podkolzin (41238241),Vasily Podkolzin,41238241,W/UTIL,3100,EDM@BOS 12/18/2025 07:00PM ET,EDM,6.72
C,Shane Wright (41237937),Shane Wright,41237937,C/UTIL,3100,SEA@CGY 12/18/2025 09:00PM ET,SEA,6.50
RW,Justin Brazeau (41238243),Justin Brazeau,41238243,W/UTIL,3100,PIT@OTT 12/18/2025 07:00PM ET,PIT,9.46
C,Matt Duchene (41237939),Matt Duchene,41237939,C/UTIL,3100,DAL@SJS 12/18/2025 10:00PM ET,DAL,5.53
D,Alexander Petrovic (41238641),Alexander Petrovic,41238641,D/UTIL,3100,DAL@SJS 12/18/2025 10:00PM ET,DAL,6.41
RW,Trevor Moore (41238237),Trevor Moore,41238237,W/UTIL,3100,LAK@TBL 12/18/2025 07:00PM ET,LAK,6.41
RW,Ethen Frank (41238235),Ethen Frank,41238235,W/UTIL,3100,TOR@WSH 12/18/2025 07:00PM ET,WSH,5.61
RW,Bobby McMann (41238239),Bobby McMann,41238239,W/UTIL,3100,TOR@WSH 12/18/2025 07:00PM ET,TOR,6.51
D,Matt Roy (41238639),Matt Roy,41238639,D/UTIL,3100,TOR@WSH 12/18/2025 07:00PM ET,WSH,7.47
LW,Miles Wood (41238249),Miles Wood,41238249,W/UTIL,3000,MIN@CBJ 12/18/2025 07:00PM ET,CBJ,6.12
LW,Casey Mittelstadt (41238253),Casey Mittelstadt,41238253,W/UTIL,3000,EDM@BOS 12/18/2025 07:00PM ET,BOS,6.25
D,Andrew Peeke (41238645),Andrew Peeke,41238645,D/UTIL,3000,EDM@BOS 12/18/2025 07:00PM ET,BOS,6.81
C,Ryan McLeod (41237943),Ryan McLeod,41237943,C/UTIL,3000,PHI@BUF 12/18/2025 07:30PM ET,BUF,5.78
D,Bowen Byram (41238651),Bowen Byram,41238651,D/UTIL,3000,PHI@BUF 12/18/2025 07:30PM ET,BUF,6.75
LW,Connor Zary (41238257),Connor Zary,41238257,W/UTIL,3000,SEA@CGY 12/18/2025 09:00PM ET,CGY,3.88
RW,Ilya Mikheyev (41238247),Ilya Mikheyev,41238247,W/UTIL,3000,CHI@MTL 12/18/2025 07:00PM ET,CHI,5.03
LW,Alexandre Texier (41238255),Alexandre Texier,41238255,W/UTIL,3000,CHI@MTL 12/18/2025 07:00PM ET,MTL,4.58
D,Artyom Levshunov (41238643),Artyom Levshunov,41238643,D/UTIL,3000,CHI@MTL 12/18/2025 07:00PM ET,CHI,5.84
D,Alexandre Carrier (41238647),Alexandre Carrier,41238647,D/UTIL,3000,CHI@MTL 12/18/2025 07:00PM ET,MTL,6.83
LW,Collin Graf (41238259),Collin Graf,41238259,W/UTIL,3000,DAL@SJS 12/18/2025 10:00PM ET,SJS,6.10
C,Dalibor Dvorsky (41237941),Dalibor Dvorsky,41237941,C/UTIL,3000,NYR@STL 12/18/2025 08:00PM ET,STL,4.58
LW,Robby Fabbri (41238251),Robby Fabbri,41238251,W/UTIL,3000,NYR@STL 12/18/2025 08:00PM ET,STL,5.2
D,J.J. Moser (41238649),J.J. Moser,41238649,D/UTIL,3000,LAK@TBL 12/18/2025 07:00PM ET,TBL,6.20
RW,Kent Johnson (41238263),Kent Johnson,41238263,W/UTIL,2900,MIN@CBJ 12/18/2025 07:00PM ET,CBJ,5.3
C,Adam Henrique (41237947),Adam Henrique,41237947,C/UTIL,2900,EDM@BOS 12/18/2025 07:00PM ET,EDM,6.09
D,Nikita Zadorov (41238653),Nikita Zadorov,41238653,D/UTIL,2900,EDM@BOS 12/18/2025 07:00PM ET,BOS,6.62
D,Owen Power (41238659),Owen Power,41238659,D/UTIL,2900,PHI@BUF 12/18/2025 07:30PM ET,BUF,5.36
D,Yan Kuznetsov (41238655),Yan Kuznetsov,41238655,D/UTIL,2900,SEA@CGY 12/18/2025 09:00PM ET,CGY,5.94
C,Ryan Greene (41237945),Ryan Greene,41237945,C/UTIL,2900,CHI@MTL 12/18/2025 07:00PM ET,CHI,4.27
RW,Ryan Donato (41238261),Ryan Donato,41238261,W/UTIL,2900,CHI@MTL 12/18/2025 07:00PM ET,CHI,5.78
LW,Kevin Hayes (41238271),Kevin Hayes,41238271,W/UTIL,2900,PIT@OTT 12/18/2025 07:00PM ET,PIT,5.28
LW,Michael Amadio (41238273),Michael Amadio,41238273,W/UTIL,2900,PIT@OTT 12/18/2025 07:00PM ET,OTT,6.24
D,Jordan Spence (41238661),Jordan Spence,41238661,D/UTIL,2900,PIT@OTT 12/18/2025 07:00PM ET,OTT,5.58
LW,Mathieu Joseph (41238265),Mathieu Joseph,41238265,W/UTIL,2900,NYR@STL 12/18/2025 08:00PM ET,STL,4.24
D,Joel Edmundson (41238657),Joel Edmundson,41238657,D/UTIL,2900,LAK@TBL 12/18/2025 07:00PM ET,LAK,6.12
RW,Max Domi (41238267),Max Domi,41238267,W/UTIL,2900,TOR@WSH 12/18/2025 07:00PM ET,TOR,5.36
RW,Easton Cowan (41238269),Easton Cowan,41238269,W/UTIL,2900,TOR@WSH 12/18/2025 07:00PM ET,TOR,5.87
D,Jake Middleton (41238675),Jake Middleton,41238675,D/UTIL,2800,MIN@CBJ 12/18/2025 07:00PM ET,MIN,4.84
RW,Michael Eyssimont (41238275),Michael Eyssimont,41238275,W/UTIL,2800,EDM@BOS 12/18/2025 07:00PM ET,BOS,6.86
LW,Matej Blumel (41238277),Matej Blumel,41238277,W/UTIL,2800,EDM@BOS 12/18/2025 07:00PM ET,BOS,2.15
LW,Carl Grundstrom (41238279),Carl Grundstrom,41238279,W/UTIL,2800,PHI@BUF 12/18/2025 07:30PM ET,PHI,7.73
D,Emil Andrae (41238665),Emil Andrae,41238665,D/UTIL,2800,PHI@BUF 12/18/2025 07:30PM ET,PHI,4.99
D,Michael Kesselring (41238671),Michael Kesselring,41238671,D/UTIL,2800,PHI@BUF 12/18/2025 07:30PM ET,BUF,3.3
RW,Kaapo Kakko (41238283),Kaapo Kakko,41238283,W/UTIL,2800,SEA@CGY 12/18/2025 09:00PM ET,SEA,3.84
D,Ryan Lindgren (41238667),Ryan Lindgren,41238667,D/UTIL,2800,SEA@CGY 12/18/2025 09:00PM ET,SEA,4.76
C,Jason Dickinson (41237949),Jason Dickinson,41237949,C/UTIL,2800,CHI@MTL 12/18/2025 07:00PM ET,CHI,5.22
LW,David Perron (41238287),David Perron,41238287,W/UTIL,2800,PIT@OTT 12/18/2025 07:00PM ET,OTT,5.46
D,Dmitry Orlov (41238673),Dmitry Orlov,41238673,D/UTIL,2800,DAL@SJS 12/18/2025 10:00PM ET,SJS,6.24
LW,Conor Sheary (41238285),Conor Sheary,41238285,W/UTIL,2800,NYR@STL 12/18/2025 08:00PM ET,NYR,4.85
C,Yanni Gourde (41237951),Yanni Gourde,41237951,C/UTIL,2800,LAK@TBL 12/18/2025 07:00PM ET,TBL,5.24
LW,Andrei Kuzmenko (41238281),Andrei Kuzmenko,41238281,W/UTIL,2800,LAK@TBL 12/18/2025 07:00PM ET,LAK,4.60
D,Charle-Edouard D'Astous (41238669),Charle-Edouard D'Astous,41238669,D/UTIL,2800,LAK@TBL 12/18/2025 07:00PM ET,TBL,5.53
C,Nicolas Roy (41237953),Nicolas Roy,41237953,C/UTIL,2800,TOR@WSH 12/18/2025 07:00PM ET,TOR,4.52
D,Martin Fehervary (41238663),Martin Fehervary,41238663,D/UTIL,2800,TOR@WSH 12/18/2025 07:00PM ET,WSH,6.60
RW,Yegor Chinakhov (41238289),Yegor Chinakhov,41238289,W/UTIL,2700,MIN@CBJ 12/18/2025 07:00PM ET,CBJ,3.88
D,Damon Severson (41238679),Damon Severson,41238679,D/UTIL,2700,MIN@CBJ 12/18/2025 07:00PM ET,CBJ,4.66
D,Matt Kiersted (41238691),Matt Kiersted,41238691,D/UTIL,2700,MIN@CBJ 12/18/2025 07:00PM ET,MIN,7.15
RW,Mark Kastelic (41238293),Mark Kastelic,41238293,W/UTIL,2700,EDM@BOS 12/18/2025 07:00PM ET,BOS,6.28
LW,Andrew Mangiapane (41238295),Andrew Mangiapane,41238295,W/UTIL,2700,EDM@BOS 12/18/2025 07:00PM ET,EDM,3.92
D,Mason Lohrei (41238683),Mason Lohrei,41238683,D/UTIL,2700,EDM@BOS 12/18/2025 07:00PM ET,BOS,6.23
C,Jiri Kulich (41237957),Jiri Kulich,41237957,C/UTIL,2700,PHI@BUF 12/18/2025 07:30PM ET,BUF,6.76
LW,Peyton Krebs (41238299),Peyton Krebs,41238299,W/UTIL,2700,PHI@BUF 12/18/2025 07:30PM ET,BUF,4.05
D,Alex Vlasic (41238677),Alex Vlasic,41238677,D/UTIL,2700,CHI@MTL 12/18/2025 07:00PM ET,CHI,5.31
C,Ridly Greig (41237959),Ridly Greig,41237959,C/UTIL,2700,PIT@OTT 12/18/2025 07:00PM ET,OTT,5.62
LW,Rutger McGroarty (41238297),Rutger McGroarty,41238297,W/UTIL,2700,PIT@OTT 12/18/2025 07:00PM ET,PIT,5.58
RW,Igor Chernyshov (41238301),Igor Chernyshov,41238301,W/UTIL,2700,DAL@SJS 12/18/2025 10:00PM ET,SJS,6.5
D,Timothy Liljegren (41238689),Timothy Liljegren,41238689,D/UTIL,2700,DAL@SJS 12/18/2025 10:00PM ET,SJS,5.67
RW,Nick Bjugstad (41238291),Nick Bjugstad,41238291,W/UTIL,2700,NYR@STL 12/18/2025 08:00PM ET,STL,4.96
D,Logan Mailloux (41238681),Logan Mailloux,41238681,D/UTIL,2700,NYR@STL 12/18/2025 08:00PM ET,STL,3.15
C,Phillip Danault (41237955),Phillip Danault,41237955,C/UTIL,2700,LAK@TBL 12/18/2025 07:00PM ET,LAK,3.48
D,Mikey Anderson (41238685),Mikey Anderson,41238685,D/UTIL,2700,LAK@TBL 12/18/2025 07:00PM ET,LAK,4.66
D,Troy Stecher (41238687),Troy Stecher,41238687,D/UTIL,2700,TOR@WSH 12/18/2025 07:00PM ET,TOR,4.27
LW,Marcus Foligno (41238315),Marcus Foligno,41238315,W/UTIL,2600,MIN@CBJ 12/18/2025 07:00PM ET,MIN,3.42
C,Fraser Minten (41237961),Fraser Minten,41237961,C/UTIL,2600,EDM@BOS 12/18/2025 07:00PM ET,BOS,5.39
LW,Jani Nyman (41238309),Jani Nyman,41238309,W/UTIL,2600,SEA@CGY 12/18/2025 09:00PM ET,SEA,4.11
D,Kevin Bahl (41238697),Kevin Bahl,41238697,D/UTIL,2600,SEA@CGY 12/18/2025 09:00PM ET,CGY,4.90
C,Jake Evans (41237963),Jake Evans,41237963,C/UTIL,2600,CHI@MTL 12/18/2025 07:00PM ET,MTL,4.93
LW,Oliver Moore (41238303),Oliver Moore,41238303,W/UTIL,2600,CHI@MTL 12/18/2025 07:00PM ET,CHI,5.17
RW,Josh Anderson (41238305),Josh Anderson,41238305,W/UTIL,2600,CHI@MTL 12/18/2025 07:00PM ET,MTL,5.1
D,Louis Crevier (41238693),Louis Crevier,41238693,D/UTIL,2600,CHI@MTL 12/18/2025 07:00PM ET,CHI,5.42
LW,Ville Koivunen (41238311),Ville Koivunen,41238311,W/UTIL,2600,PIT@OTT 12/18/2025 07:00PM ET,PIT,3.07
D,Parker Wotherspoon (41238701),Parker Wotherspoon,41238701,D/UTIL,2600,PIT@OTT 12/18/2025 07:00PM ET,PIT,5.68
D,Tyler Kleven (41238705),Tyler Kleven,41238705,D/UTIL,2600,PIT@OTT 12/18/2025 07:00PM ET,OTT,5.11
LW,Sam Steel (41238313),Sam Steel,41238313,W/UTIL,2600,DAL@SJS 12/18/2025 10:00PM ET,DAL,4.22
D,Mario Ferraro (41238707),Mario Ferraro,41238707,D/UTIL,2600,DAL@SJS 12/18/2025 10:00PM ET,SJS,6.87
D,Carson Soucy (41238703),Carson Soucy,41238703,D/UTIL,2600,NYR@STL 12/18/2025 08:00PM ET,NYR,5.12
LW,Warren Foegele (41238307),Warren Foegele,41238307,W/UTIL,2600,LAK@TBL 12/18/2025 07:00PM ET,LAK,4.80
D,Max Crozier (41238699),Max Crozier,41238699,D/UTIL,2600,LAK@TBL 12/18/2025 07:00PM ET,TBL,5.75
C,Scott Laughton (41237965),Scott Laughton,41237965,C/UTIL,2600,TOR@WSH 12/18/2025 07:00PM ET,TOR,5.07
D,Rasmus Sandin (41238695),Rasmus Sandin,41238695,D/UTIL,2600,TOR@WSH 12/18/2025 07:00PM ET,WSH,6.82
C,Brendan Gaunce (41237971),Brendan Gaunce,41237971,C/UTIL,2500,MIN@CBJ 12/18/2025 07:00PM ET,CBJ,4.26
C,Luca Pinelli (41237973),Luca Pinelli,41237973,C/UTIL,2500,MIN@CBJ 12/18/2025 07:00PM ET,CBJ,3.43
C,Luca Del Bel Belluz (41237975),Luca Del Bel Belluz,41237975,C/UTIL,2500,MIN@CBJ 12/18/2025 07:00PM ET,CBJ,3.27
C,Nico Sturm (41238063),Nico Sturm,41238063,C/UTIL,2500,MIN@CBJ 12/18/2025 07:00PM ET,MIN,4.72
C,Hunter Haight (41238065),Hunter Haight,41238065,C/UTIL,2500,MIN@CBJ 12/18/2025 07:00PM ET,MIN,0
LW,Isac Lundestrom (41238327),Isac Lundestrom,41238327,W/UTIL,2500,MIN@CBJ 12/18/2025 07:00PM ET,CBJ,2.81
LW,Zach Aston-Reese (41238329),Zach Aston-Reese,41238329,W/UTIL,2500,MIN@CBJ 12/18/2025 07:00PM ET,CBJ,2.72
RW,Mathieu Olivier (41238331),Mathieu Olivier,41238331,W/UTIL,2500,MIN@CBJ 12/18/2025 07:00PM ET,CBJ,5.77
LW,Yakov Trenin (41238525),Yakov Trenin,41238525,W/UTIL,2500,MIN@CBJ 12/18/2025 07:00PM ET,MIN,4.05
RW,Nicolas Aube-Kubel (41238527),Nicolas Aube-Kubel,41238527,W/UTIL,2500,MIN@CBJ 12/18/2025 07:00PM ET,MIN,5.9
RW,Tyler Pitlick (41238529),Tyler Pitlick,41238529,W/UTIL,2500,MIN@CBJ 12/18/2025 07:00PM ET,MIN,2.39
LW,Ben Jones (41238531),Ben Jones,41238531,W/UTIL,2500,MIN@CBJ 12/18/2025 07:00PM ET,MIN,1.60
RW,Vinnie Hinostroza (41238533),Vinnie Hinostroza,41238533,W/UTIL,2500,MIN@CBJ 12/18/2025 07:00PM ET,MIN,3.31
D,Dante Fabbro (41238719),Dante Fabbro,41238719,D/UTIL,2500,MIN@CBJ 12/18/2025 07:00PM ET,CBJ,6.01
D,Brendan Smith (41238721),Brendan Smith,41238721,D/UTIL,2500,MIN@CBJ 12/18/2025 07:00PM ET,CBJ,3.15
D,Jake Christiansen (41238723),Jake Christiansen,41238723,D/UTIL,2500,MIN@CBJ 12/18/2025 07:00PM ET,CBJ,2.16
D,Erik Gudbranson (41238725),Erik Gudbranson,41238725,D/UTIL,2500,MIN@CBJ 12/18/2025 07:00PM ET,CBJ,1.45
D,Luca Marrelli (41238727),Luca Marrelli,41238727,D/UTIL,2500,MIN@CBJ 12/18/2025 07:00PM ET,CBJ,0
D,Dysin Mayo (41238729),Dysin Mayo,41238729,D/UTIL,2500,MIN@CBJ 12/18/2025 07:00PM ET,CBJ,4.5
D,Daemon Hunt (41238899),Daemon Hunt,41238899,D/UTIL,2500,MIN@CBJ 12/18/2025 07:00PM ET,MIN,3.66
D,David Jiricek (41238901),David Jiricek,41238901,D/UTIL,2500,MIN@CBJ 12/18/2025 07:00PM ET,MIN,2.25
D,Zach Bogosian (41238903),Zach Bogosian,41238903,D/UTIL,2500,MIN@CBJ 12/18/2025 07:00PM ET,MIN,3.34
C,Sean Kuraly (41237983),Sean Kuraly,41237983,C/UTIL,2500,EDM@BOS 12/18/2025 07:00PM ET,BOS,4.91
C,Curtis Lazar (41238025),Curtis Lazar,41238025,C/UTIL,2500,EDM@BOS 12/18/2025 07:00PM ET,EDM,2.25
C,David Tomasek (41238027),David Tomasek,41238027,C/UTIL,2500,EDM@BOS 12/18/2025 07:00PM ET,EDM,4.01
C,Noah Philp (41238029),Noah Philp,41238029,C/UTIL,2500,EDM@BOS 12/18/2025 07:00PM ET,EDM,2.84
RW,Marat Khusnutdinov (41238343),Marat Khusnutdinov,41238343,W/UTIL,2500,EDM@BOS 12/18/2025 07:00PM ET,BOS,4.32
LW,Tanner Jeannot (41238345),Tanner Jeannot,41238345,W/UTIL,2500,EDM@BOS 12/18/2025 07:00PM ET,BOS,5.37
LW,Jeffrey Viel (41238347),Jeffrey Viel,41238347,W/UTIL,2500,EDM@BOS 12/18/2025 07:00PM ET,BOS,2.74
LW,Riley Tufte (41238349),Riley Tufte,41238349,W/UTIL,2500,EDM@BOS 12/18/2025 07:00PM ET,BOS,3.95
RW,Mattias Janmark (41238433),Mattias Janmark,41238433,W/UTIL,2500,EDM@BOS 12/18/2025 07:00PM ET,EDM,3.57
RW,Quinn Hutson (41238435),Quinn Hutson,41238435,W/UTIL,2500,EDM@BOS 12/18/2025 07:00PM ET,EDM,1.5
LW,Trent Frederic (41238437),Trent Frederic,41238437,W/UTIL,2500,EDM@BOS 12/18/2025 07:00PM ET,EDM,2.88
RW,Max Jones (41238439),Max Jones,41238439,W/UTIL,2500,EDM@BOS 12/18/2025 07:00PM ET,EDM,0
LW,Connor Clattenburg (41238441),Connor Clattenburg,41238441,W/UTIL,2500,EDM@BOS 12/18/2025 07:00PM ET,EDM,3.38
RW,Kasperi Kapanen (41238443),Kasperi Kapanen,41238443,W/UTIL,2500,EDM@BOS 12/18/2025 07:00PM ET,EDM,3.53
LW,Isaac Howard (41238445),Isaac Howard,41238445,W/UTIL,2500,EDM@BOS 12/18/2025 07:00PM ET,EDM,3.05
D,Victor Soderstrom (41238737),Victor Soderstrom,41238737,D/UTIL,2500,EDM@BOS 12/18/2025 07:00PM ET,BOS,4.32
D,Jonathan Aspirot (41238739),Jonathan Aspirot,41238739,D/UTIL,2500,EDM@BOS 12/18/2025 07:00PM ET,BOS,4.1
D,Vladislav Kolyachonok (41238741),Vladislav Kolyachonok,41238741,D/UTIL,2500,EDM@BOS 12/18/2025 07:00PM ET,BOS,4.5
D,Henri Jokiharju (41238743),Henri Jokiharju,41238743,D/UTIL,2500,EDM@BOS 12/18/2025 07:00PM ET,BOS,3.63
D,Michael Callahan (41238745),Michael Callahan,41238745,D/UTIL,2500,EDM@BOS 12/18/2025 07:00PM ET,BOS,5.04
D,Jordan Harris (41238747),Jordan Harris,41238747,D/UTIL,2500,EDM@BOS 12/18/2025 07:00PM ET,BOS,6.18
D,Alec Regula (41238827),Alec Regula,41238827,D/UTIL,2500,EDM@BOS 12/18/2025 07:00PM ET,EDM,3.69
D,Ty Emberson (41238829),Ty Emberson,41238829,D/UTIL,2500,EDM@BOS 12/18/2025 07:00PM ET,EDM,5.73
D,Spencer Stastney (41238831),Spencer Stastney,41238831,D/UTIL,2500,EDM@BOS 12/18/2025 07:00PM ET,EDM,4.18
D,Riley Stillman (41238833),Riley Stillman,41238833,D/UTIL,2500,EDM@BOS 12/18/2025 07:00PM ET,EDM,0
D,Damien Carfagna (41238835),Damien Carfagna,41238835,D/UTIL,2500,EDM@BOS 12/18/2025 07:00PM ET,EDM,0
C,Rodrigo Abols (41238003),Rodrigo Abols,41238003,C/UTIL,2500,PHI@BUF 12/18/2025 07:30PM ET,PHI,2.41
C,Jacob Gaucher (41238005),Jacob Gaucher,41238005,C/UTIL,2500,PHI@BUF 12/18/2025 07:30PM ET,PHI,1.93
C,Jett Luchanko (41238007),Jett Luchanko,41238007,C/UTIL,2500,PHI@BUF 12/18/2025 07:30PM ET,PHI,1.35
C,Tyson Kozak (41238043),Tyson Kozak,41238043,C/UTIL,2500,PHI@BUF 12/18/2025 07:30PM ET,BUF,4.04
C,Josh Dunne (41238045),Josh Dunne,41238045,C/UTIL,2500,PHI@BUF 12/18/2025 07:30PM ET,BUF,2.64
LW,Nicolas Deslauriers (41238383),Nicolas Deslauriers,41238383,W/UTIL,2500,PHI@BUF 12/18/2025 07:30PM ET,PHI,1.12
RW,Garnet Hathaway (41238385),Garnet Hathaway,41238385,W/UTIL,2500,PHI@BUF 12/18/2025 07:30PM ET,PHI,1.52
LW,Nikita Grebenkin (41238387),Nikita Grebenkin,41238387,W/UTIL,2500,PHI@BUF 12/18/2025 07:30PM ET,PHI,2.16
LW,Noah Ostlund (41238477),Noah Ostlund,41238477,W/UTIL,2500,PHI@BUF 12/18/2025 07:30PM ET,BUF,4.85
RW,Beck Malenstyn (41238479),Beck Malenstyn,41238479,W/UTIL,2500,PHI@BUF 12/18/2025 07:30PM ET,BUF,4.32
LW,Jordan Greenway (41238481),Jordan Greenway,41238481,W/UTIL,2500,PHI@BUF 12/18/2025 07:30PM ET,BUF,3.02
RW,Justin Danforth (41238483),Justin Danforth,41238483,W/UTIL,2500,PHI@BUF 12/18/2025 07:30PM ET,BUF,2.05
LW,Isak Rosen (41238485),Isak Rosen,41238485,W/UTIL,2500,PHI@BUF 12/18/2025 07:30PM ET,BUF,6.39
LW,Mason Geertsen (41238487),Mason Geertsen,41238487,W/UTIL,2500,PHI@BUF 12/18/2025 07:30PM ET,BUF,0.3
D,Rasmus Ristolainen (41238777),Rasmus Ristolainen,41238777,D/UTIL,2500,PHI@BUF 12/18/2025 07:30PM ET,PHI,4.1
D,Noah Juulsen (41238779),Noah Juulsen,41238779,D/UTIL,2500,PHI@BUF 12/18/2025 07:30PM ET,PHI,3.14
D,Egor Zamula (41238781),Egor Zamula,41238781,D/UTIL,2500,PHI@BUF 12/18/2025 07:30PM ET,PHI,3.15
D,Adam Ginning (41238783),Adam Ginning,41238783,D/UTIL,2500,PHI@BUF 12/18/2025 07:30PM ET,PHI,1.9
D,Ty Murchison (41238785),Ty Murchison,41238785,D/UTIL,2500,PHI@BUF 12/18/2025 07:30PM ET,PHI,1.37
D,Conor Timmins (41238863),Conor Timmins,41238863,D/UTIL,2500,PHI@BUF 12/18/2025 07:30PM ET,BUF,6.48
D,Jacob Bryson (41238865),Jacob Bryson,41238865,D/UTIL,2500,PHI@BUF 12/18/2025 07:30PM ET,BUF,2.14
D,Zach Metsa (41238867),Zach Metsa,41238867,D/UTIL,2500,PHI@BUF 12/18/2025 07:30PM ET,BUF,1.02
D,Ryan Johnson (41238869),Ryan Johnson,41238869,D/UTIL,2500,PHI@BUF 12/18/2025 07:30PM ET,BUF,1.3
C,John Beecher (41237995),John Beecher,41237995,C/UTIL,2500,SEA@CGY 12/18/2025 09:00PM ET,CGY,3.27
C,Martin Pospisil (41237997),Martin Pospisil,41237997,C/UTIL,2500,SEA@CGY 12/18/2025 09:00PM ET,CGY,0
C,Rory Kerins (41237999),Rory Kerins,41237999,C/UTIL,2500,SEA@CGY 12/18/2025 09:00PM ET,CGY,2.7
C,Justin Kirkland (41238001),Justin Kirkland,41238001,C/UTIL,2500,SEA@CGY 12/18/2025 09:00PM ET,CGY,1.82
C,Ben Meyers (41238013),Ben Meyers,41238013,C/UTIL,2500,SEA@CGY 12/18/2025 09:00PM ET,SEA,3.62
C,Berkly Catton (41238015),Berkly Catton,41238015,C/UTIL,2500,SEA@CGY 12/18/2025 09:00PM ET,SEA,3.41
C,John Hayden (41238017),John Hayden,41238017,C/UTIL,2500,SEA@CGY 12/18/2025 09:00PM ET,SEA,1.87
C,Oscar Fisker Molgaard (41238019),Oscar Fisker Molgaard,41238019,C/UTIL,2500,SEA@CGY 12/18/2025 09:00PM ET,SEA,3.25
RW,Adam Klapka (41238371),Adam Klapka,41238371,W/UTIL,2500,SEA@CGY 12/18/2025 09:00PM ET,CGY,3.42
LW,Ryan Lomberg (41238373),Ryan Lomberg,41238373,W/UTIL,2500,SEA@CGY 12/18/2025 09:00PM ET,CGY,2.39
LW,Dryden Hunt (41238375),Dryden Hunt,41238375,W/UTIL,2500,SEA@CGY 12/18/2025 09:00PM ET,CGY,4.85
LW,Samuel Honzek (41238377),Samuel Honzek,41238377,W/UTIL,2500,SEA@CGY 12/18/2025 09:00PM ET,CGY,3.77
LW,Sam Morton (41238379),Sam Morton,41238379,W/UTIL,2500,SEA@CGY 12/18/2025 09:00PM ET,CGY,1.93
RW,Matvei Gridin (41238381),Matvei Gridin,41238381,W/UTIL,2500,SEA@CGY 12/18/2025 09:00PM ET,CGY,7.22
RW,Freddy Gaudreau (41238393),Freddy Gaudreau,41238393,W/UTIL,2500,SEA@CGY 12/18/2025 09:00PM ET,SEA,3.66
RW,Jacob Melanson (41238395),Jacob Melanson,41238395,W/UTIL,2500,SEA@CGY 12/18/2025 09:00PM ET,SEA,0.65
LW,Ryan Winterton (41238397),Ryan Winterton,41238397,W/UTIL,2500,SEA@CGY 12/18/2025 09:00PM ET,SEA,3.02
LW,Tye Kartye (41238399),Tye Kartye,41238399,W/UTIL,2500,SEA@CGY 12/18/2025 09:00PM ET,SEA,3.41
LW,Lleyton Roed (41238401),Lleyton Roed,41238401,W/UTIL,2500,SEA@CGY 12/18/2025 09:00PM ET,SEA,0
LW,Max McCormick (41238403),Max McCormick,41238403,W/UTIL,2500,SEA@CGY 12/18/2025 09:00PM ET,SEA,0
D,Joel Hanley (41238765),Joel Hanley,41238765,D/UTIL,2500,SEA@CGY 12/18/2025 09:00PM ET,CGY,3.95
D,Hunter Brzustewicz (41238767),Hunter Brzustewicz,41238767,D/UTIL,2500,SEA@CGY 12/18/2025 09:00PM ET,CGY,1.5
D,Brayden Pachal (41238769),Brayden Pachal,41238769,D/UTIL,2500,SEA@CGY 12/18/2025 09:00PM ET,CGY,3.04
D,Jake Bean (41238771),Jake Bean,41238771,D/UTIL,2500,SEA@CGY 12/18/2025 09:00PM ET,CGY,5.64
D,Zayne Parekh (41238773),Zayne Parekh,41238773,D/UTIL,2500,SEA@CGY 12/18/2025 09:00PM ET,CGY,2.54
D,Daniil Miromanov (41238775),Daniil Miromanov,41238775,D/UTIL,2500,SEA@CGY 12/18/2025 09:00PM ET,CGY,2.6
D,Jamie Oleksiak (41238795),Jamie Oleksiak,41238795,D/UTIL,2500,SEA@CGY 12/18/2025 09:00PM ET,SEA,5.27
D,Ryker Evans (41238797),Ryker Evans,41238797,D/UTIL,2500,SEA@CGY 12/18/2025 09:00PM ET,SEA,4.75
D,Josh Mahura (41238799),Josh Mahura,41238799,D/UTIL,2500,SEA@CGY 12/18/2025 09:00PM ET,SEA,4.35
D,Cale Fleury (41238801),Cale Fleury,41238801,D/UTIL,2500,SEA@CGY 12/18/2025 09:00PM ET,SEA,3.02
C,Dominic Toninato (41237967),Dominic Toninato,41237967,C/UTIL,2500,CHI@MTL 12/18/2025 07:00PM ET,CHI,4
C,Nick Foligno (41237969),Nick Foligno,41237969,C/UTIL,2500,CHI@MTL 12/18/2025 07:00PM ET,CHI,4.89
C,Owen Beck (41237985),Owen Beck,41237985,C/UTIL,2500,CHI@MTL 12/18/2025 07:00PM ET,MTL,2.37
C,Kirby Dach (41237987),Kirby Dach,41237987,C/UTIL,2500,CHI@MTL 12/18/2025 07:00PM ET,MTL,7.2
C,Alex Newhook (41237989),Alex Newhook,41237989,C/UTIL,2500,CHI@MTL 12/18/2025 07:00PM ET,MTL,7.44
RW,Nick Lardis (41238317),Nick Lardis,41238317,W/UTIL,2500,CHI@MTL 12/18/2025 07:00PM ET,CHI,2.9
LW,Colton Dach (41238319),Colton Dach,41238319,W/UTIL,2500,CHI@MTL 12/18/2025 07:00PM ET,CHI,3.90
RW,Sam Lafferty (41238321),Sam Lafferty,41238321,W/UTIL,2500,CHI@MTL 12/18/2025 07:00PM ET,CHI,0.98
RW,Joey Anderson (41238323),Joey Anderson,41238323,W/UTIL,2500,CHI@MTL 12/18/2025 07:00PM ET,CHI,0
LW,Landon Slaggert (41238325),Landon Slaggert,41238325,W/UTIL,2500,CHI@MTL 12/18/2025 07:00PM ET,CHI,2.12
RW,Brendan Gallagher (41238351),Brendan Gallagher,41238351,W/UTIL,2500,CHI@MTL 12/18/2025 07:00PM ET,MTL,4.66
LW,Joe Veleno (41238353),Joe Veleno,41238353,W/UTIL,2500,CHI@MTL 12/18/2025 07:00PM ET,MTL,3.12
LW,Jared Davidson (41238355),Jared Davidson,41238355,W/UTIL,2500,CHI@MTL 12/18/2025 07:00PM ET,MTL,1.98
LW,Patrik Laine (41238357),Patrik Laine,41238357,W/UTIL,2500,CHI@MTL 12/18/2025 07:00PM ET,MTL,2.8
RW,Sammy Blais (41238359),Sammy Blais,41238359,W/UTIL,2500,CHI@MTL 12/18/2025 07:00PM ET,MTL,4.44
LW,Florian Xhekaj (41238361),Florian Xhekaj,41238361,W/UTIL,2500,CHI@MTL 12/18/2025 07:00PM ET,MTL,3.24
LW,Joshua Roy (41238363),Joshua Roy,41238363,W/UTIL,2500,CHI@MTL 12/18/2025 07:00PM ET,MTL,1
D,Matt Grzelcyk (41238709),Matt Grzelcyk,41238709,D/UTIL,2500,CHI@MTL 12/18/2025 07:00PM ET,CHI,3.61
D,Wyatt Kaiser (41238711),Wyatt Kaiser,41238711,D/UTIL,2500,CHI@MTL 12/18/2025 07:00PM ET,CHI,4.33
D,Connor Murphy (41238713),Connor Murphy,41238713,D/UTIL,2500,CHI@MTL 12/18/2025 07:00PM ET,CHI,4.18
D,Ethan Del Mastro (41238715),Ethan Del Mastro,41238715,D/UTIL,2500,CHI@MTL 12/18/2025 07:00PM ET,CHI,4.2
D,Sam Rinzel (41238717),Sam Rinzel,41238717,D/UTIL,2500,CHI@MTL 12/18/2025 07:00PM ET,CHI,5.31
D,Jayden Struble (41238749),Jayden Struble,41238749,D/UTIL,2500,CHI@MTL 12/18/2025 07:00PM ET,MTL,2.20
D,Arber Xhekaj (41238751),Arber Xhekaj,41238751,D/UTIL,2500,CHI@MTL 12/18/2025 07:00PM ET,MTL,2.69
D,Adam Engstrom (41238753),Adam Engstrom,41238753,D/UTIL,2500,CHI@MTL 12/18/2025 07:00PM ET,MTL,1.15
D,Kaiden Guhle (41238755),Kaiden Guhle,41238755,D/UTIL,2500,CHI@MTL 12/18/2025 07:00PM ET,MTL,6.1
D,Gannon Laroque (41238757),Gannon Laroque,41238757,D/UTIL,2500,CHI@MTL 12/18/2025 07:00PM ET,MTL,0
C,Danton Heinen (41238031),Danton Heinen,41238031,C/UTIL,2500,PIT@OTT 12/18/2025 07:00PM ET,PIT,3.72
C,Blake Lizotte (41238033),Blake Lizotte,41238033,C/UTIL,2500,PIT@OTT 12/18/2025 07:00PM ET,PIT,3.73
C,Tristan Broz (41238035),Tristan Broz,41238035,C/UTIL,2500,PIT@OTT 12/18/2025 07:00PM ET,PIT,3
C,Stephen Halliday (41238047),Stephen Halliday,41238047,C/UTIL,2500,PIT@OTT 12/18/2025 07:00PM ET,OTT,3.38
C,Lars Eller (41238049),Lars Eller,41238049,C/UTIL,2500,PIT@OTT 12/18/2025 07:00PM ET,OTT,3.62
RW,Noel Acciari (41238447),Noel Acciari,41238447,W/UTIL,2500,PIT@OTT 12/18/2025 07:00PM ET,PIT,4.22
LW,Connor Dewar (41238449),Connor Dewar,41238449,W/UTIL,2500,PIT@OTT 12/18/2025 07:00PM ET,PIT,5.33
LW,Tanner Howe (41238451),Tanner Howe,41238451,W/UTIL,2500,PIT@OTT 12/18/2025 07:00PM ET,PIT,0
RW,Philip Tomasino (41238453),Philip Tomasino,41238453,W/UTIL,2500,PIT@OTT 12/18/2025 07:00PM ET,PIT,3.4
RW,Sam Poulin (41238455),Sam Poulin,41238455,W/UTIL,2500,PIT@OTT 12/18/2025 07:00PM ET,PIT,2.05
LW,Boko Imama (41238457),Boko Imama,41238457,W/UTIL,2500,PIT@OTT 12/18/2025 07:00PM ET,PIT,1.5
LW,Joona Koppanen (41238459),Joona Koppanen,41238459,W/UTIL,2500,PIT@OTT 12/18/2025 07:00PM ET,PIT,1.92
RW,Nick Cousins (41238489),Nick Cousins,41238489,W/UTIL,2500,PIT@OTT 12/18/2025 07:00PM ET,OTT,3.56
LW,Kurtis MacDermid (41238491),Kurtis MacDermid,41238491,W/UTIL,2500,PIT@OTT 12/18/2025 07:00PM ET,OTT,1.21
RW,Olle Lycksell (41238493),Olle Lycksell,41238493,W/UTIL,2500,PIT@OTT 12/18/2025 07:00PM ET,OTT,3.57
RW,Arthur Kaliyev (41238495),Arthur Kaliyev,41238495,W/UTIL,2500,PIT@OTT 12/18/2025 07:00PM ET,OTT,5.5
RW,Hayden Hodgson (41238497),Hayden Hodgson,41238497,W/UTIL,2500,PIT@OTT 12/18/2025 07:00PM ET,OTT,0.5
D,Ryan Shea (41238837),Ryan Shea,41238837,D/UTIL,2500,PIT@OTT 12/18/2025 07:00PM ET,PIT,5.70
D,Brett Kulak (41238839),Brett Kulak,41238839,D/UTIL,2500,PIT@OTT 12/18/2025 07:00PM ET,PIT,4.14
D,Jack St. Ivany (41238841),Jack St. Ivany,41238841,D/UTIL,2500,PIT@OTT 12/18/2025 07:00PM ET,PIT,6.9
D,Ryan Graves (41238843),Ryan Graves,41238843,D/UTIL,2500,PIT@OTT 12/18/2025 07:00PM ET,PIT,5.43
D,Connor Clifton (41238845),Connor Clifton,41238845,D/UTIL,2500,PIT@OTT 12/18/2025 07:00PM ET,PIT,4.24
D,Harrison Brunicke (41238847),Harrison Brunicke,41238847,D/UTIL,2500,PIT@OTT 12/18/2025 07:00PM ET,PIT,4.82
D,Caleb Jones (41238849),Caleb Jones,41238849,D/UTIL,2500,PIT@OTT 12/18/2025 07:00PM ET,PIT,5.86
D,Matt Dumba (41238851),Matt Dumba,41238851,D/UTIL,2500,PIT@OTT 12/18/2025 07:00PM ET,PIT,4.33
D,Owen Pickering (41238853),Owen Pickering,41238853,D/UTIL,2500,PIT@OTT 12/18/2025 07:00PM ET,PIT,1.02
D,Nick Jensen (41238871),Nick Jensen,41238871,D/UTIL,2500,PIT@OTT 12/18/2025 07:00PM ET,OTT,3.61
D,Nikolas Matinpalo (41238873),Nikolas Matinpalo,41238873,D/UTIL,2500,PIT@OTT 12/18/2025 07:00PM ET,OTT,3.59
D,Dennis Gilbert (41238875),Dennis Gilbert,41238875,D/UTIL,2500,PIT@OTT 12/18/2025 07:00PM ET,OTT,1.3
C,Ty Dellandrea (41238051),Ty Dellandrea,41238051,C/UTIL,2500,DAL@SJS 12/18/2025 10:00PM ET,SJS,4.96
C,Zack Ostapchuk (41238053),Zack Ostapchuk,41238053,C/UTIL,2500,DAL@SJS 12/18/2025 10:00PM ET,SJS,1.49
C,Michael Misa (41238055),Michael Misa,41238055,C/UTIL,2500,DAL@SJS 12/18/2025 10:00PM ET,SJS,6.79
C,Logan Couture (41238057),Logan Couture,41238057,C/UTIL,2500,DAL@SJS 12/18/2025 10:00PM ET,SJS,0
C,Patrick Giles (41238059),Patrick Giles,41238059,C/UTIL,2500,DAL@SJS 12/18/2025 10:00PM ET,SJS,3.53
C,Radek Faksa (41238061),Radek Faksa,41238061,C/UTIL,2500,DAL@SJS 12/18/2025 10:00PM ET,DAL,3.71
RW,Ethan Cardwell (41238499),Ethan Cardwell,41238499,W/UTIL,2500,DAL@SJS 12/18/2025 10:00PM ET,SJS,2.86
LW,Barclay Goodrow (41238501),Barclay Goodrow,41238501,W/UTIL,2500,DAL@SJS 12/18/2025 10:00PM ET,SJS,3.60
RW,Ryan Reaves (41238503),Ryan Reaves,41238503,W/UTIL,2500,DAL@SJS 12/18/2025 10:00PM ET,SJS,1.84
RW,Philipp Kurashev (41238505),Philipp Kurashev,41238505,W/UTIL,2500,DAL@SJS 12/18/2025 10:00PM ET,SJS,5.95
LW,Adam Gaudette (41238507),Adam Gaudette,41238507,W/UTIL,2500,DAL@SJS 12/18/2025 10:00PM ET,SJS,5.32
LW,Pavol Regenda (41238509),Pavol Regenda,41238509,W/UTIL,2500,DAL@SJS 12/18/2025 10:00PM ET,SJS,11.5
RW,Mavrik Bourque (41238511),Mavrik Bourque,41238511,W/UTIL,2500,DAL@SJS 12/18/2025 10:00PM ET,DAL,4.64
LW,Justin Hryckowian (41238513),Justin Hryckowian,41238513,W/UTIL,2500,DAL@SJS 12/18/2025 10:00PM ET,DAL,3.62
RW,Colin Blackwell (41238515),Colin Blackwell,41238515,W/UTIL,2500,DAL@SJS 12/18/2025 10:00PM ET,DAL,3
LW,Oskar Back (41238517),Oskar Back,41238517,W/UTIL,2500,DAL@SJS 12/18/2025 10:00PM ET,DAL,2.86
RW,Nathan Bastian (41238519),Nathan Bastian,41238519,W/UTIL,2500,DAL@SJS 12/18/2025 10:00PM ET,DAL,2.71
LW,Adam Erne (41238521),Adam Erne,41238521,W/UTIL,2500,DAL@SJS 12/18/2025 10:00PM ET,DAL,3.4
RW,Kyle McDonald (41238523),Kyle McDonald,41238523,W/UTIL,2500,DAL@SJS 12/18/2025 10:00PM ET,DAL,0
D,Shakir Mukhamadullin (41238877),Shakir Mukhamadullin,41238877,D/UTIL,2500,DAL@SJS 12/18/2025 10:00PM ET,SJS,4.66
D,Vincent Iorio (41238879),Vincent Iorio,41238879,D/UTIL,2500,DAL@SJS 12/18/2025 10:00PM ET,SJS,3.22
D,Nick Leddy (41238881),Nick Leddy,41238881,D/UTIL,2500,DAL@SJS 12/18/2025 10:00PM ET,SJS,4
D,Sam Dickinson (41238883),Sam Dickinson,41238883,D/UTIL,2500,DAL@SJS 12/18/2025 10:00PM ET,SJS,3.20
D,Vincent Desharnais (41238885),Vincent Desharnais,41238885,D/UTIL,2500,DAL@SJS 12/18/2025 10:00PM ET,SJS,4.21
D,Ryan Ellis (41238887),Ryan Ellis,41238887,D/UTIL,2500,DAL@SJS 12/18/2025 10:00PM ET,SJS,0
D,Ilya Lyubushkin (41238889),Ilya Lyubushkin,41238889,D/UTIL,2500,DAL@SJS 12/18/2025 10:00PM ET,DAL,5.09
D,Nils Lundkvist (41238891),Nils Lundkvist,41238891,D/UTIL,2500,DAL@SJS 12/18/2025 10:00PM ET,DAL,5.6
D,Luke Krys (41238893),Luke Krys,41238893,D/UTIL,2500,DAL@SJS 12/18/2025 10:00PM ET,DAL,0
D,Kyle Capobianco (41238895),Kyle Capobianco,41238895,D/UTIL,2500,DAL@SJS 12/18/2025 10:00PM ET,DAL,3.09
D,Lian Bichsel (41238897),Lian Bichsel,41238897,D/UTIL,2500,DAL@SJS 12/18/2025 10:00PM ET,DAL,2.55
C,Oskar Sundqvist (41237977),Oskar Sundqvist,41237977,C/UTIL,2500,NYR@STL 12/18/2025 08:00PM ET,STL,3.78
C,Otto Stenberg (41237979),Otto Stenberg,41237979,C/UTIL,2500,NYR@STL 12/18/2025 08:00PM ET,STL,0
C,Aleksanteri Kaskimaki (41237981),Aleksanteri Kaskimaki,41237981,C/UTIL,2500,NYR@STL 12/18/2025 08:00PM ET,STL,2.58
C,Noah Laba (41238037),Noah Laba,41238037,C/UTIL,2500,NYR@STL 12/18/2025 08:00PM ET,NYR,4.50
C,Sam Carrick (41238039),Sam Carrick,41238039,C/UTIL,2500,NYR@STL 12/18/2025 08:00PM ET,NYR,3.35
C,Jonny Brodzinski (41238041),Jonny Brodzinski,41238041,C/UTIL,2500,NYR@STL 12/18/2025 08:00PM ET,NYR,3.49
LW,Alexey Toropchenko (41238333),Alexey Toropchenko,41238333,W/UTIL,2500,NYR@STL 12/18/2025 08:00PM ET,STL,3.3
RW,Jonatan Berggren (41238335),Jonatan Berggren,41238335,W/UTIL,2500,NYR@STL 12/18/2025 08:00PM ET,STL,4.73
RW,Matt Luff (41238337),Matt Luff,41238337,W/UTIL,2500,NYR@STL 12/18/2025 08:00PM ET,STL,5.3
RW,Nathan Walker (41238339),Nathan Walker,41238339,W/UTIL,2500,NYR@STL 12/18/2025 08:00PM ET,STL,5.05
LW,Hugh McGing (41238341),Hugh McGing,41238341,W/UTIL,2500,NYR@STL 12/18/2025 08:00PM ET,STL,7.37
RW,Taylor Raddysh (41238461),Taylor Raddysh,41238461,W/UTIL,2500,NYR@STL 12/18/2025 08:00PM ET,NYR,3.53
LW,Jaroslav Chmelar (41238463),Jaroslav Chmelar,41238463,W/UTIL,2500,NYR@STL 12/18/2025 08:00PM ET,NYR,1.4
RW,Matt Rempe (41238465),Matt Rempe,41238465,W/UTIL,2500,NYR@STL 12/18/2025 08:00PM ET,NYR,2.24
LW,Brett Berard (41238467),Brett Berard,41238467,W/UTIL,2500,NYR@STL 12/18/2025 08:00PM ET,NYR,2.7
LW,Adam Edstrom (41238469),Adam Edstrom,41238469,W/UTIL,2500,NYR@STL 12/18/2025 08:00PM ET,NYR,3.27
LW,Juuso Parssinen (41238471),Juuso Parssinen,41238471,W/UTIL,2500,NYR@STL 12/18/2025 08:00PM ET,NYR,3.69
RW,Gabe Perreault (41238473),Gabe Perreault,41238473,W/UTIL,2500,NYR@STL 12/18/2025 08:00PM ET,NYR,4.4
LW,Brennan Othmann (41238475),Brennan Othmann,41238475,W/UTIL,2500,NYR@STL 12/18/2025 08:00PM ET,NYR,1.5
D,Matthew Kessel (41238731),Matthew Kessel,41238731,D/UTIL,2500,NYR@STL 12/18/2025 08:00PM ET,STL,2.51
D,Tyler Tucker (41238733),Tyler Tucker,41238733,D/UTIL,2500,NYR@STL 12/18/2025 08:00PM ET,STL,3.27
D,Torey Krug (41238735),Torey Krug,41238735,D/UTIL,2500,NYR@STL 12/18/2025 08:00PM ET,STL,0
D,Will Borgen (41238855),Will Borgen,41238855,D/UTIL,2500,NYR@STL 12/18/2025 08:00PM ET,NYR,4.17
D,Matthew Robertson (41238857),Matthew Robertson,41238857,D/UTIL,2500,NYR@STL 12/18/2025 08:00PM ET,NYR,5.18
D,Scott Morrow (41238859),Scott Morrow,41238859,D/UTIL,2500,NYR@STL 12/18/2025 08:00PM ET,NYR,3.58
D,Urho Vaakanainen (41238861),Urho Vaakanainen,41238861,D/UTIL,2500,NYR@STL 12/18/2025 08:00PM ET,NYR,2.69
C,Alex Turcotte (41238009),Alex Turcotte,41238009,C/UTIL,2500,LAK@TBL 12/18/2025 07:00PM ET,LAK,2.86
C,Samuel Helenius (41238011),Samuel Helenius,41238011,C/UTIL,2500,LAK@TBL 12/18/2025 07:00PM ET,LAK,0.86
C,Jack Finley (41238021),Jack Finley,41238021,C/UTIL,2500,LAK@TBL 12/18/2025 07:00PM ET,TBL,2.44
RW,Corey Perry (41238389),Corey Perry,41238389,W/UTIL,2500,LAK@TBL 12/18/2025 07:00PM ET,LAK,7.17
LW,Jeff Malott (41238391),Jeff Malott,41238391,W/UTIL,2500,LAK@TBL 12/18/2025 07:00PM ET,LAK,2.53
LW,Zemgus Girgensons (41238405),Zemgus Girgensons,41238405,W/UTIL,2500,LAK@TBL 12/18/2025 07:00PM ET,TBL,5.14
RW,Pontus Holmberg (41238407),Pontus Holmberg,41238407,W/UTIL,2500,LAK@TBL 12/18/2025 07:00PM ET,TBL,4.34
RW,Gage Goncalves (41238409),Gage Goncalves,41238409,W/UTIL,2500,LAK@TBL 12/18/2025 07:00PM ET,TBL,2.97
LW,Curtis Douglas (41238411),Curtis Douglas,41238411,W/UTIL,2500,LAK@TBL 12/18/2025 07:00PM ET,TBL,1.73
LW,Dominic James (41238413),Dominic James,41238413,W/UTIL,2500,LAK@TBL 12/18/2025 07:00PM ET,TBL,4.08
LW,Mitchell Chaffee (41238415),Mitchell Chaffee,41238415,W/UTIL,2500,LAK@TBL 12/18/2025 07:00PM ET,TBL,2.09
LW,Boris Katchouk (41238417),Boris Katchouk,41238417,W/UTIL,2500,LAK@TBL 12/18/2025 07:00PM ET,TBL,0.87
LW,Conor Geekie (41238419),Conor Geekie,41238419,W/UTIL,2500,LAK@TBL 12/18/2025 07:00PM ET,TBL,3.17
RW,Scott Sabourin (41238421),Scott Sabourin,41238421,W/UTIL,2500,LAK@TBL 12/18/2025 07:00PM ET,TBL,4.46
D,Cody Ceci (41238787),Cody Ceci,41238787,D/UTIL,2500,LAK@TBL 12/18/2025 07:00PM ET,LAK,4.95
D,Brian Dumoulin (41238789),Brian Dumoulin,41238789,D/UTIL,2500,LAK@TBL 12/18/2025 07:00PM ET,LAK,5.05
D,Jacob Moverare (41238791),Jacob Moverare,41238791,D/UTIL,2500,LAK@TBL 12/18/2025 07:00PM ET,LAK,1.56
D,Kyle Burroughs (41238793),Kyle Burroughs,41238793,D/UTIL,2500,LAK@TBL 12/18/2025 07:00PM ET,LAK,0
D,Steven Santini (41238803),Steven Santini,41238803,D/UTIL,2500,LAK@TBL 12/18/2025 07:00PM ET,TBL,2
D,Declan Carlile (41238805),Declan Carlile,41238805,D/UTIL,2500,LAK@TBL 12/18/2025 07:00PM ET,TBL,3.48
D,Emil Lilleberg (41238807),Emil Lilleberg,41238807,D/UTIL,2500,LAK@TBL 12/18/2025 07:00PM ET,TBL,3.81
D,Erik Cernak (41238809),Erik Cernak,41238809,D/UTIL,2500,LAK@TBL 12/18/2025 07:00PM ET,TBL,6.70
D,Ryan McDonagh (41238811),Ryan McDonagh,41238811,D/UTIL,2500,LAK@TBL 12/18/2025 07:00PM ET,TBL,6.75
C,Hendrix Lapierre (41237991),Hendrix Lapierre,41237991,C/UTIL,2500,TOR@WSH 12/18/2025 07:00PM ET,WSH,2.24
C,Nic Dowd (41237993),Nic Dowd,41237993,C/UTIL,2500,TOR@WSH 12/18/2025 07:00PM ET,WSH,4.18
C,Jacob Quillan (41238023),Jacob Quillan,41238023,C/UTIL,2500,TOR@WSH 12/18/2025 07:00PM ET,TOR,0.75
LW,Sonny Milano (41238365),Sonny Milano,41238365,W/UTIL,2500,TOR@WSH 12/18/2025 07:00PM ET,WSH,4.28
LW,Brandon Duhaime (41238367),Brandon Duhaime,41238367,W/UTIL,2500,TOR@WSH 12/18/2025 07:00PM ET,WSH,3.39
RW,Bogdan Trineyev (41238369),Bogdan Trineyev,41238369,W/UTIL,2500,TOR@WSH 12/18/2025 07:00PM ET,WSH,1.3
LW,Nicholas Robertson (41238423),Nicholas Robertson,41238423,W/UTIL,2500,TOR@WSH 12/18/2025 07:00PM ET,TOR,5.84
LW,Dakota Joshua (41238425),Dakota Joshua,41238425,W/UTIL,2500,TOR@WSH 12/18/2025 07:00PM ET,TOR,4.86
LW,Steven Lorentz (41238427),Steven Lorentz,41238427,W/UTIL,2500,TOR@WSH 12/18/2025 07:00PM ET,TOR,4.50
RW,Calle Jarnkrok (41238429),Calle Jarnkrok,41238429,W/UTIL,2500,TOR@WSH 12/18/2025 07:00PM ET,TOR,3.30
LW,Matias Maccelli (41238431),Matias Maccelli,41238431,W/UTIL,2500,TOR@WSH 12/18/2025 07:00PM ET,TOR,4.26
D,Trevor van Riemsdyk (41238759),Trevor van Riemsdyk,41238759,D/UTIL,2500,TOR@WSH 12/18/2025 07:00PM ET,WSH,3.68
D,Dylan McIlrath (41238761),Dylan McIlrath,41238761,D/UTIL,2500,TOR@WSH 12/18/2025 07:00PM ET,WSH,1.02
D,Declan Chisholm (41238763),Declan Chisholm,41238763,D/UTIL,2500,TOR@WSH 12/18/2025 07:00PM ET,WSH,2.81
D,Simon Benoit (41238813),Simon Benoit,41238813,D/UTIL,2500,TOR@WSH 12/18/2025 07:00PM ET,TOR,3.89
D,Henry Thrun (41238815),Henry Thrun,41238815,D/UTIL,2500,TOR@WSH 12/18/2025 07:00PM ET,TOR,2.37
D,Philippe Myers (41238817),Philippe Myers,41238817,D/UTIL,2500,TOR@WSH 12/18/2025 07:00PM ET,TOR,3.93
D,Dakota Mermis (41238819),Dakota Mermis,41238819,D/UTIL,2500,TOR@WSH 12/18/2025 07:00PM ET,TOR,2.79
D,Marshall Rifai (41238821),Marshall Rifai,41238821,D/UTIL,2500,TOR@WSH 12/18/2025 07:00PM ET,TOR,0
D,Chris Tanev (41238823),Chris Tanev,41238823,D/UTIL,2500,TOR@WSH 12/18/2025 07:00PM ET,TOR,4.05
D,Brandon Carlo (41238825),Brandon Carlo,41238825,D/UTIL,2500,TOR@WSH 12/18/2025 07:00PM ET,TOR,5.76
